date,num_comments,title,subreddit,URL
3/11/2020,777,"The French government said Monday its forces had killed more than 50 jihadists aligned to Al-Qaeda in air strikes in central Mali. The offensive took place on Friday in an area near the borders of Burkina Faso and Niger, where government troops are struggling to rout an Islamic insurgency",worldnews,http://www.reddit.com/r/worldnews/comments/jn00ak/the_french_government_said_monday_its_forces_had/
3/11/2020,432,France Airstrikes on Mali killing over 50 Al-Qaeda-linked terrorists,europe,http://www.reddit.com/r/europe/comments/jn55ov/france_airstrikes_on_mali_killing_over_50/
22-09-20,548,"Breaking: ISIS and Al Qaeda just issued a statement saying their end goal is to end separation of church and state and build a kingdom of god in the U.S. Oh, my bad, that was Amy Coney Barrett, the judge at the top of the list to replace Ruth Bader Ginsburg.",atheism,http://www.reddit.com/r/atheism/comments/ixmk3f/breaking_isis_and_al_qaeda_just_issued_a/
30-10-20,120,Cockblocked by al qaeda,BrandNewSentence,http://www.reddit.com/r/BrandNewSentence/comments/jl7tl9/cockblocked_by_al_qaeda/
14-11-20,96,Al-Qaedas No. 2 Leader Was Killed In Iran By Israeli Assassins At Behest Of U.S.: Report | The Daily Wire,Conservative,http://www.reddit.com/r/Conservative/comments/ju7wct/alqaedas_no_2_leader_was_killed_in_iran_by/
14-11-20,116,Israeli agents killed Al Qaeda's No. 2 official on street in Iran: report,Conservative,http://www.reddit.com/r/Conservative/comments/ju3dpz/israeli_agents_killed_al_qaedas_no_2_official_on/
14-11-20,97,"Al Qaedas No. 2, Accused in U.S. Embassy Attacks, was Secretly Killed in Iran 3 months ago",geopolitics,http://www.reddit.com/r/geopolitics/comments/jtubmp/al_qaedas_no_2_accused_in_us_embassy_attacks_was/
14-11-20,120,Israeli agents killed Al Qaeda's No. 2 official on street in Iran: report,moderatepolitics,http://www.reddit.com/r/moderatepolitics/comments/jtxka3/israeli_agents_killed_al_qaedas_no_2_official_on/
8/10/2020,152,This is Abdel Kader Haidara. He saved Timbuktus very rare and important cultural treasures from being destroyed at the hands of Al-Qaeda.,nextfuckinglevel,http://www.reddit.com/r/nextfuckinglevel/comments/j74m3g/this_is_abdel_kader_haidara_he_saved_timbuktus/
14-11-20,100,"Al Qaedas No. 2, Abu Muhammad al-Masri, Was shot dead in Iran by Israeli agents.",syriancivilwar,http://www.reddit.com/r/syriancivilwar/comments/jtysrv/al_qaedas_no_2_abu_muhammad_almasri_was_shot_dead/
14-11-20,62,"Al Qaedas No. 2, Accused in U.S. Embassy Attacks, Is Secretly Killed in Iran",news,http://www.reddit.com/r/news/comments/jtsjia/al_qaedas_no_2_accused_in_us_embassy_attacks_is/
14-11-20,67,Israeli operatives assassinated al Qaedas No. 2 leader on a street in Tehran this August,worldnews,http://www.reddit.com/r/worldnews/comments/jtyz8v/israeli_operatives_assassinated_al_qaedas_no_2/
25-10-20,106,"Senior al-Qaeda leader Abu Muhsin al-Masri killed in Afghanistan. Abu Muhsin al-Masri, believed to be al-Qaedas second-in-command, was on FBIs Most Wanted Terrorists List.",news,http://www.reddit.com/r/news/comments/jhthlk/senior_alqaeda_leader_abu_muhsin_almasri_killed/
14-11-20,78,Israeli operatives killed al Qaedas No. 2 leader in Iran in August; Terrorist leader had operated under Iranian protection since 2015,neoliberal,http://www.reddit.com/r/neoliberal/comments/jtvbs1/israeli_operatives_killed_al_qaedas_no_2_leader/
14-11-20,71,Iran denies Israel killed al-Qaeda's No. 2 in Tehran: 'A Hollywood scenario',worldnews,http://www.reddit.com/r/worldnews/comments/ju19t2/iran_denies_israel_killed_alqaedas_no_2_in_tehran/
14-11-20,43,Israeli agents killed Al Qaeda's No. 2 official on street in Iran: report,centrist,http://www.reddit.com/r/centrist/comments/jtxj6k/israeli_agents_killed_al_qaedas_no_2_official_on/
14-11-20,35,"Al Qaeda's #2, Accused of US Embassy Attacks, Secretly Killed in Iran by Israeli Agents",Israel,http://www.reddit.com/r/Israel/comments/jtv6kx/al_qaedas_2_accused_of_us_embassy_attacks/
14-11-20,55,"Al Qaedas No. 2, Accused in U.S. Embassy Attacks, Is Secretly Killed in Iran",CredibleDefense,http://www.reddit.com/r/CredibleDefense/comments/jtvk2m/al_qaedas_no_2_accused_in_us_embassy_attacks_is/
15-11-20,28,"Israeli agents killed al-Qaeda's No. 2 on Iran street, at behest of US",Conservative,http://www.reddit.com/r/Conservative/comments/juecx5/israeli_agents_killed_alqaedas_no_2_on_iran/
30-10-20,74,"Boycott Turkey! Visiting Turkey and purchasing Turkish products help imperialism and jihadism of Turkey! Turkey supports ISIS, AL-Qaeda, FSA, Hamas and Boko Haram terrorist organizations.",armenia,http://www.reddit.com/r/armenia/comments/jkw7rz/boycott_turkey_visiting_turkey_and_purchasing/
13-11-20,20,France says it has killed senior al Qaeda operative in Mali,europe,http://www.reddit.com/r/europe/comments/jtddnw/france_says_it_has_killed_senior_al_qaeda/
4/11/2020,36,"Ex al-Qaeda leader warns of militant attacks on French citizens as Malaysia, Indonesia tighten security",worldnews,http://www.reddit.com/r/worldnews/comments/jnv9us/ex_alqaeda_leader_warns_of_militant_attacks_on/
5/6/2020,3350,France announces it has killed the leader of Al Qaeda in North Africa during an operation in Mali,worldnews,http://www.reddit.com/r/worldnews/comments/gxcnor/france_announces_it_has_killed_the_leader_of_al/
6/11/2020,77,"The United States to remove terrorist designation of TIP and ETIM, Chinese Jihadists organizations fighting in Syria, Afghanistan, Pakistan allied with al Qaeda and ISIS",LessCredibleDefence,http://www.reddit.com/r/LessCredibleDefence/comments/jp4sep/the_united_states_to_remove_terrorist_designation/
30-10-20,54,"Boycott Turkey! Visiting Turkey and purchasing Turkish products help imperialism and jihadism of Turkey against Greeks, Kurds and Armenians! Turkey supports ISIS, AL-Qaeda, FSA, Hamas and Boko Haram terrorist organizations.",kurdistan,http://www.reddit.com/r/kurdistan/comments/jkyzlj/boycott_turkey_visiting_turkey_and_purchasing/
30-10-20,30,"Boycott Turkey! Visiting Turkey and purchasing Turkish products help imperialism and jihadism of Turkey! Turkey supports ISIS, AL-Qaeda, FSA, Hamas and Boko Haram terrorist organizations.",rojava,http://www.reddit.com/r/rojava/comments/jkw766/boycott_turkey_visiting_turkey_and_purchasing/
24-09-20,130,Is anyone elses puppy an angel from 11:00am-4:00pm but a certified member of Al-Qaeda outside of those hours?,puppy101,http://www.reddit.com/r/puppy101/comments/iz2vw7/is_anyone_elses_puppy_an_angel_from_1100am400pm/
29-08-20,242,BLM has killed more than Al Qaeda. Educate yourself,ENLIGHTENEDCENTRISM,http://www.reddit.com/r/ENLIGHTENEDCENTRISM/comments/iioca3/blm_has_killed_more_than_al_qaeda_educate_yourself/
21-10-20,20,Al-Qaeda in da sky,burdurland,http://www.reddit.com/r/burdurland/comments/jf7axe/alqaeda_in_da_sky/
29-08-20,103,"Kuno who charged through enemy gunfire to save the lives of British soldiers fighting al-Qaeda in Afghanistan is to be awarded the animal equivalent of the Victoria Cross. During the raid, he tackled a gunman and was hit by bullets in both back legs. [2160×1030]",MilitaryPorn,http://www.reddit.com/r/MilitaryPorn/comments/ij0qsg/kuno_who_charged_through_enemy_gunfire_to_save/
11/8/2020,256,"Former Navy SEAL Senior Chief Mike Day, SEAL team 4, was shot 27 times by four Al Qaeda gunmen and hit by grenade shrapnel in 2007. He killed all four of the terrorists and walked himself to medevac helicopter. [2160×1049]",MilitaryPorn,http://www.reddit.com/r/MilitaryPorn/comments/i7s20k/former_navy_seal_senior_chief_mike_day_seal_team/
